<?xml version="1.0" encoding="UTF-8"?>
<project-private xmlns="http://www.netbeans.org/ns/project-private/1">
    <editor-bookmarks xmlns="http://www.netbeans.org/ns/editor-bookmarks/2" lastBookmarkId="0"/>
    <open-files xmlns="http://www.netbeans.org/ns/projectui-open-files/2">
        <group>
            <file>file:/Users/david.salas/Documents/github/kwzrfwrk/kweizar/src/Kweizar/PageBundle/Resources/views/Publish/index.html.twig</file>
            <file>file:/Users/david.salas/Documents/github/kwzrfwrk/kweizar/web/css/layoutjquery.css</file>
            <file>file:/Users/david.salas/Documents/github/kwzrfwrk/kweizar/app/Resources/views/base.html.twig</file>
        </group>
    </open-files>
</project-private>
